image_id,label,pred_label,pred_prob
51227.png,1,1,0.5
36412.png,1,1,0.5051136732686615
64881.png,0,1,0.5198687750711809
32662.png,1,0,0.5
9206.png,1,1,0.5127873414965674
57800.png,0,0,0.4867685355952765
31329.png,1,1,0.5
55031.png,1,1,0.5238189622785969
34914.png,1,1,0.5052500181723044
57398.png,0,1,0.5
38534.png,1,1,0.5085496642210403
21204.png,0,1,0.5184478732504947
21892.png,0,0,0.5
62663.png,1,0,0.4763413146701232
35347.png,1,1,0.5098968420437127
45151.png,1,0,0.4833130949053432
43712.png,0,0,0.5
5915.png,1,0,0.4897803602629305
58378.png,1,0,0.47723505546988926
868.png,1,1,0.5181923377474824
41895.png,0,1,0.506652596841728
16336.png,1,0,0.49339048647422956
39875.png,0,1,0.5154326561716889
63224.png,1,0,0.49449845175514867
653.png,1,1,0.5145439684088149
4371.png,0,0,0.4789461614931963
31040.png,1,0,0.49203046949283363
40450.png,1,0,0.48694399564728863
13744.png,1,1,0.5148598619155673
16410.png,1,1,0.5156597287411177
17980.png,1,0,0.4945312175492149
60927.png,0,0,0.48720791104559424
15657.png,1,0,0.47922627684910407
19193.png,0,0,0.4847463598843025
8169.png,0,1,0.5
639.png,1,1,0.5204033915450731
54150.png,0,0,0.5
41080.png,0,0,0.4787471856563086
6372.png,0,1,0.5140460508700353
58338.png,0,0,0.4881629014756873
14692.png,0,1,0.518500011214709
22556.png,1,1,0.5208675852133455
16112.png,0,0,0.4785953263935813
36390.png,0,1,0.5188101209722421
17030.png,0,1,0.5116764023905697
25311.png,0,0,0.47756710914537154
61725.png,1,0,0.48577462177468317
50000.png,1,0,0.48396667676481936
51277.png,1,0,0.4835640889864742
37424.png,0,1,0.5135649799905626
49770.png,0,0,0.4796781052064564
64756.png,1,1,0.5
53248.png,0,1,0.514845923696629
49541.png,1,1,0.5177032651523382
55949.png,1,1,0.5205194882479882
50357.png,1,1,0.5112095989630078
27586.png,1,1,0.5159527979884962
25064.png,1,0,0.48221397021462
58692.png,1,1,0.5083611481074248
17754.png,1,1,0.5
64165.png,1,0,0.4792200593589752
37504.png,0,1,0.5160988916605556
17334.png,1,1,0.5244930372725377
53961.png,0,1,0.51476465257747
48880.png,1,0,0.48035024115938146
55226.png,0,0,0.47805631867433174
55674.png,1,0,0.5
63968.png,0,1,0.5188987114964994
6130.png,1,1,0.5
42832.png,0,1,0.517179114546145
38283.png,1,0,0.48224509896557705
28878.png,1,1,0.5
47252.png,1,1,0.5113405074317193
22901.png,1,0,0.48711784655189194
55317.png,0,0,0.4828452183280626
20009.png,0,0,0.47787049321762215
44750.png,1,0,0.4937052975901879
43391.png,0,1,0.5083359588342353
3371.png,0,1,0.5113003751349573
14436.png,1,0,0.4877810764492729
34597.png,0,1,0.5161413948116758
40678.png,0,1,0.5
56002.png,1,1,0.5217782254535654
17493.png,0,1,0.5
56472.png,0,1,0.51353003320325
7904.png,0,1,0.5196104023240663
37708.png,0,0,0.48654585793942284
32575.png,0,0,0.4874043627386625
23146.png,0,1,0.5124441276465082
16215.png,0,0,0.47775181571633
29770.png,1,0,0.5
3719.png,0,0,0.48102213359700463
56339.png,0,1,0.5122334228711045
21034.png,1,0,0.48787756337588556
27034.png,1,0,0.4892494032480752
20882.png,1,1,0.5
7050.png,0,1,0.5171036816648518
43582.png,1,0,0.486205040385354
48981.png,1,1,0.5114834340343455
55651.png,1,0,0.48671041786034475
24351.png,1,1,0.5175724535358365
12355.png,1,1,0.5093462031666952
62095.png,0,1,0.5
46310.png,1,0,0.47792806855685127
41702.png,1,0,0.48079841671230006
5967.png,1,1,0.517752699183674
27409.png,1,0,0.4770525050850688
27034.png,0,0,0.488101777899272
22821.png,1,1,0.5
7703.png,1,1,0.5103523506064114
46568.png,0,1,0.5166230380520151
17418.png,1,1,0.5161736467816039
50877.png,1,1,0.5193935421545095
49921.png,1,1,0.5152487361196022
35234.png,0,1,0.5
14498.png,0,0,0.48577437553528713
26206.png,1,0,0.4762601879983031
11854.png,1,1,0.5181625591559849
4634.png,0,0,0.4768436715958646
38953.png,0,1,0.5111568875003265
16974.png,0,0,0.47761121491820036
16112.png,1,0,0.48047267944212213
13846.png,0,0,0.4823792671262576
10208.png,1,1,0.5135272847691915
27023.png,1,0,0.49064342738051203
54553.png,0,0,0.4711792011709179
43270.png,0,0,0.5
23868.png,1,0,0.4765447517352875
3785.png,0,1,0.5
62327.png,0,1,0.5198345290542392
13315.png,1,1,0.516998218737404
28571.png,0,0,0.48122880488180947
17052.png,1,0,0.47949095078471876
39097.png,0,0,0.5
41142.png,0,0,0.5
56472.png,1,1,0.5131905387912823
25390.png,1,1,0.5109767467156971
45377.png,0,0,0.5
24696.png,1,1,0.5125362808583779
36245.png,0,1,0.5143763697920579
40315.png,0,1,0.5099887322569001
37553.png,1,1,0.5231226776966318
16215.png,1,0,0.4779246202611797
32493.png,1,0,0.4869851953651617
45911.png,0,1,0.5165514706883649
2896.png,1,0,0.47733567828481577
62767.png,1,0,0.4846206154529743
27168.png,1,1,0.5180797903672023
28921.png,1,0,0.477826245494057
29171.png,0,0,0.46966642923093466
14123.png,1,1,0.5175746378050844
13451.png,1,0,0.48298556710270557
20569.png,0,1,0.5156488522778407
55232.png,0,1,0.5142384016718264
18788.png,1,0,0.49381411637174916
13957.png,0,1,0.5055536273369824
11223.png,0,1,0.5213751727797263
5937.png,0,1,0.517418758816351
11446.png,0,1,0.5189856441212858
40582.png,1,0,0.4773968879457216
13219.png,1,1,0.5206381194443338
11910.png,0,1,0.5111887670237864
3087.png,0,0,0.49479822776344207
19734.png,0,0,0.4769169088209057
16205.png,0,0,0.5
54309.png,1,0,0.4884632219058333
56544.png,1,0,0.48463033123451715
58718.png,0,1,0.5089947340232774
11356.png,0,1,0.5184521313855955
1101.png,0,1,0.5224619150343686
58293.png,0,1,0.519247379180696
14184.png,1,0,0.5
43285.png,1,1,0.5
48147.png,0,0,0.49328047185754054
58419.png,0,1,0.5
14716.png,0,1,0.5211218645622478
26121.png,0,0,0.5
3606.png,0,1,0.5080838178838253
16219.png,1,1,0.5
32470.png,0,1,0.5151901522561316
41600.png,1,1,0.5
19074.png,0,1,0.5
58445.png,0,1,0.5228005201718742
11910.png,1,1,0.5133525773932639
49712.png,1,0,0.4772198854042188
64941.png,0,0,0.4790761021563313
59453.png,1,0,0.49494964720746637
2329.png,1,1,0.5197920780443895
7914.png,0,1,0.5250734686016626
30354.png,1,0,0.5
55165.png,1,0,0.47609928041953764
16061.png,0,0,0.476911201938293
12366.png,1,0,0.4771523847757841
30050.png,0,0,0.481665163034182
16550.png,1,0,0.48775673364095723
41702.png,0,0,0.48049283733248854
19512.png,0,1,0.5176594687421759
30716.png,1,0,0.4770552466221993
2622.png,1,0,0.4767741077707317
45620.png,1,1,0.5
64026.png,1,0,0.49243971390712304
56838.png,0,1,0.5211332134431651
46098.png,0,1,0.511102333660143
36292.png,1,1,0.5144078238674343
59413.png,1,1,0.524845849075522
28921.png,0,0,0.47778292012798784
50767.png,1,1,0.5
12574.png,0,1,0.5090431019796547
35950.png,0,1,0.5
58090.png,0,1,0.5173063148028504
11307.png,1,0,0.4830493710969585
13187.png,0,1,0.5
32259.png,0,1,0.5150534287287566
42461.png,1,0,0.4935220675071777
5939.png,0,1,0.5152570978179338
2121.png,1,0,0.47746900281570603
63834.png,1,1,0.5191512722633024
62793.png,1,1,0.5081130812395435
57993.png,1,1,0.5
3159.png,0,1,0.5073168901972518
28081.png,0,0,0.47684314852694504
41879.png,0,0,0.47673306695420165
56181.png,1,1,0.5079399013218786
31834.png,1,0,0.4874040356848138
65177.png,0,1,0.5
22173.png,1,1,0.5184987499722659
12261.png,0,1,0.5081962100477397
53889.png,0,1,0.5
26049.png,0,1,0.5181626824008934
13511.png,1,0,0.4934574208087916
41696.png,1,1,0.5077841143253596
43660.png,1,1,0.5147500696212003
3167.png,0,1,0.510978381232587
4028.png,1,1,0.5142411053815279
13863.png,0,0,0.48494540199219566
64449.png,0,1,0.5176845211895901
47097.png,1,0,0.47116340960902486
35471.png,0,1,0.5189495052837595
1272.png,1,1,0.5129891508496686
37817.png,0,1,0.5144114526629716
45182.png,0,0,0.4772404812370084
65463.png,1,1,0.5175550752991528
64120.png,1,1,0.5180849887949307
19993.png,0,0,0.4828410938436122
46907.png,0,0,0.4896156200676017
48390.png,1,0,0.47764371789704174
42983.png,0,0,0.49134184084261373
59144.png,1,1,0.518960567943532
24111.png,1,1,0.5188276617051116
63350.png,0,1,0.5194556114477087
6406.png,0,0,0.4818369374820123
10176.png,0,1,0.5
12747.png,0,1,0.5149328195015468
1251.png,1,0,0.48510873040514596
8929.png,1,1,0.5104225489684667
24686.png,1,1,0.5206079478665626
56052.png,1,1,0.5
52524.png,0,0,0.4760376710988201
34908.png,0,0,0.4772679213160036
26370.png,0,1,0.5184000242371508
13254.png,0,0,0.47690312101885196
61566.png,0,0,0.49424687620989993
28800.png,0,0,0.4844078476853164
56052.png,0,0,0.5
53527.png,1,0,0.4940073100627528
10290.png,1,1,0.5259816856969189
43986.png,0,0,0.4789057724929459
48718.png,0,1,0.5172268453900786
33064.png,0,1,0.5168995349472191
45712.png,0,0,0.5
55247.png,0,0,0.4858240724856165
32979.png,1,0,0.4819957911885879
30931.png,0,1,0.5211171697291246
50989.png,1,0,0.4802466016601587
60701.png,0,1,0.5
13732.png,1,1,0.5206321286031135
44475.png,0,1,0.5
32220.png,0,1,0.5089843104770403
62865.png,1,1,0.5193249623763685
38339.png,1,1,0.508143689240913
46933.png,0,1,0.5086911941934196
55030.png,1,1,0.5162602629506026
42287.png,1,1,0.5106442164773305
28614.png,0,1,0.5156900208154568
24867.png,0,1,0.5113360152511456
26015.png,0,0,0.5
34527.png,0,0,0.48096246558855477
52192.png,0,0,0.47959736844055517
14954.png,0,1,0.5185393963496949
8783.png,1,1,0.5
60399.png,0,1,0.5116599984615705
46577.png,0,1,0.5
32013.png,1,1,0.5
7649.png,0,1,0.5118744069645466
12924.png,0,0,0.4784729718595231
16648.png,0,1,0.5130984409778966
38548.png,0,1,0.5253322029498717
32845.png,1,1,0.5151263753130941
56549.png,1,1,0.5127663470713584
8081.png,0,1,0.5078337857109406
64821.png,0,1,0.5
17583.png,0,0,0.4820598910047354
36343.png,1,0,0.49163347509044897
45522.png,0,1,0.5
55818.png,0,0,0.47797794939392996
5792.png,1,1,0.5138218442723294
32201.png,1,0,0.49341300097812324
2121.png,0,0,0.4774178421489075
32170.png,1,1,0.5141274996395511
35763.png,0,1,0.5
51085.png,1,1,0.5200836742375443
5220.png,1,0,0.48887429105314395
29482.png,0,1,0.5
14227.png,1,1,0.5149782869156939
58090.png,1,1,0.5173156925803568
6301.png,0,0,0.486228423362763
34845.png,1,1,0.517722668515098
17249.png,0,1,0.5136247854905719
6103.png,1,0,0.4853221565725049
42427.png,1,1,0.5182986447881399
25525.png,1,1,0.5
32398.png,0,0,0.4943852398624013
32053.png,1,1,0.5223436052606497
44208.png,0,0,0.47691450410520914
30914.png,1,1,0.5211139266307503
61166.png,0,1,0.5079191351557454
63371.png,0,1,0.5
5312.png,0,1,0.5160308115273676
54268.png,1,0,0.48723134734815005
19933.png,1,0,0.48389713738171697
64391.png,0,1,0.5165721755677495
58423.png,1,1,0.5179310875190636
13989.png,1,1,0.5105987599398227
28438.png,1,0,0.4764867626648468
58544.png,1,0,0.4706302062957553
15171.png,0,1,0.5137597597776816
38471.png,1,1,0.5165053032352919
7759.png,1,1,0.5414454151185077
57262.png,1,1,0.5168745087801311
17052.png,0,0,0.47832783324813144
31336.png,0,0,0.49417553610051657
48184.png,0,0,0.487157446889728
57892.png,0,0,0.4775485587336117
28800.png,1,0,0.4823906105938297
25981.png,1,1,0.5201555851013272
8034.png,1,1,0.5086471748642888
11698.png,0,0,0.48338077982793876
6993.png,0,0,0.4785407433968323
22751.png,0,0,0.4773542640701184
20518.png,1,1,0.5
11954.png,1,1,0.5149370417119583
35885.png,0,0,0.4785429999577832
33928.png,0,0,0.4899929895132232
42266.png,0,1,0.5
18000.png,1,0,0.4876090449432237
49351.png,0,0,0.47719768458704975
49716.png,0,1,0.5176097778323538
4845.png,1,0,0.47917164820776115
40934.png,0,1,0.5194421467609731
29876.png,1,1,0.5167514402163649
8721.png,1,0,0.4785433422792262
9206.png,0,1,0.5125869127907631
7430.png,0,1,0.5
15285.png,1,1,0.5081129908418435
42333.png,1,1,0.5
24029.png,0,1,0.5222420012204371
47376.png,0,0,0.4910220999447914
39579.png,1,1,0.5135387504950071
61450.png,0,1,0.5147211831084602
37605.png,0,1,0.5162780782698254
57085.png,1,0,0.47871006341181127
44122.png,1,1,0.5194481365500317
26560.png,1,1,0.5169238036811965
60705.png,0,0,0.4771883489617739
38136.png,0,1,0.5121663872794612
45310.png,1,1,0.5205239498326709
30045.png,0,0,0.49141253413022506
17826.png,1,0,0.4671549014935305
15579.png,1,1,0.5151999407079704
1879.png,0,0,0.4776521722772837
31089.png,0,1,0.5078739623864478
37857.png,1,1,0.5131867359400365
62754.png,1,0,0.4947194845910759
18929.png,0,0,0.493175080542969
62833.png,1,0,0.47915440835218326
47003.png,1,1,0.5118356771948834
31218.png,0,1,0.5124956644369374
50419.png,1,1,0.5206318185258271
14506.png,1,0,0.48165908840852123
50814.png,1,0,0.47764912762823825
36715.png,0,0,0.5
20518.png,0,0,0.5
55541.png,0,0,0.4785033553739417
20379.png,1,1,0.5185187404893145
6999.png,0,1,0.5180438396489001
12809.png,0,0,0.4900605229646568
50924.png,1,0,0.4814762582820472
1385.png,0,1,0.5
2329.png,0,1,0.519541151807387
46473.png,0,1,0.5197266330173034
50502.png,1,1,0.5194001072662612
47238.png,0,0,0.494990457792233
56232.png,1,1,0.5067070864751908
64268.png,0,0,0.47714547189904005
37827.png,0,1,0.5486005942566066
41001.png,0,0,0.4868105226829853
12051.png,0,1,0.5
48697.png,1,1,0.5
39740.png,1,0,0.5
61022.png,1,1,0.5056335792539366
40684.png,0,0,0.4788244260200375
14965.png,0,1,0.5122949324181475
62359.png,0,1,0.5145359197665464
55651.png,0,0,0.4867013788846582
50636.png,1,1,0.5213153884552875
58718.png,1,1,0.5092584836214471
4592.png,0,0,0.4885924846220563
25486.png,1,1,0.5128544887473796
13670.png,0,1,0.5088111099999698
32973.png,0,1,0.5072021658817704
19467.png,0,0,0.47787257736281497
1173.png,0,1,0.5063407381158042
14114.png,1,1,0.5119508722612179
39385.png,0,1,0.5165816733767992
19162.png,1,0,0.4894749442339819
6103.png,0,0,0.48527926439358565
54152.png,1,0,0.5
22274.png,0,1,0.5175886704751465
23904.png,0,1,0.5090118749973234
21671.png,0,0,0.4946733162357098
40315.png,1,1,0.5101132098118916
51313.png,0,1,0.514506689132633
55667.png,1,1,0.5095364054931447
23868.png,0,0,0.47658237675679815
3880.png,1,1,0.5112958433665401
15733.png,1,0,0.5
46885.png,1,1,0.5056069878077434
15940.png,1,0,0.48084185314089634
65214.png,0,0,0.4755445546885969
36511.png,0,1,0.5165141315649139
10703.png,0,0,0.47927989830602746
61744.png,0,0,0.4768302169635876
37921.png,1,0,0.5
44606.png,1,1,0.5098616237049862
60193.png,0,1,0.5122390073510705
6187.png,1,1,0.5079517689366814
50690.png,0,0,0.4949102839250141
54945.png,1,0,0.4859104046518416
11299.png,0,0,0.48031958589668894
10602.png,0,0,0.4762387813493199
6030.png,1,0,0.49221451863832827
30572.png,1,1,0.5205491532157475
16221.png,0,0,0.4827394309723756
50069.png,0,1,0.5180481652973185
24201.png,0,1,0.5156267564907645
41255.png,1,0,0.4785723834014517
3402.png,0,0,0.4876989248729989
24348.png,1,0,0.47764690052595593
32018.png,0,0,0.4795420007200939
10152.png,1,0,0.4810926696768931
50487.png,0,0,0.47904120632510955
804.png,0,1,0.5138976597023246
1237.png,1,0,0.4787521959430232
33513.png,1,1,0.5187810358247195
25764.png,1,0,0.48203509951029805
40728.png,1,1,0.520644629308052
2275.png,0,0,0.47691855483959383
1856.png,0,0,0.5
15886.png,1,0,0.4776522539904431
38160.png,0,0,0.4848148338997269
63306.png,1,0,0.4854319158104376
7712.png,1,1,0.5171517959135474
31313.png,0,0,0.4891625794879143
26208.png,0,1,0.5
38396.png,1,1,0.5140029557243382
3367.png,1,0,0.47789897295128925
64289.png,0,0,0.4945006392954095
58975.png,0,0,0.4785613533660718
43093.png,0,1,0.5121559420171674
48981.png,0,1,0.509381958681781
15010.png,0,1,0.5199107025929993
44825.png,0,1,0.5071140336869319
24336.png,1,1,0.5132931894206952
24505.png,1,0,0.48135461125397366
43582.png,0,0,0.4862903754800236
27889.png,0,0,0.4785382364743996
22164.png,1,1,0.5152095535304027
57143.png,1,1,0.5140306456578674
48680.png,1,1,0.5240405088643608
65481.png,0,1,0.519470583802726
32146.png,0,1,0.5213552602749592
62064.png,1,0,0.47736220739190266
27807.png,0,1,0.520362174154423
23115.png,0,1,0.5103847658359673
7705.png,1,1,0.5
6581.png,1,0,0.4902273763191733
35107.png,0,0,0.4767791506398331
45182.png,1,0,0.47763145653088707
48255.png,0,0,0.4779486400233688
56964.png,1,0,0.49176040032712004
57993.png,0,1,0.5
4806.png,1,1,0.5142783236364562
19895.png,1,1,0.5052946921218121
22456.png,1,1,0.5485400770448636
12572.png,1,1,0.5098360279618365
54152.png,0,0,0.5
3167.png,1,1,0.5134285745698078
21264.png,0,0,0.49306287741305455
58910.png,1,1,0.5180874109416314
43659.png,0,0,0.4947172733842244
39397.png,0,1,0.5
33898.png,1,0,0.47820117783193483
48131.png,0,1,0.5066956725534865
52927.png,1,1,0.5
59832.png,1,1,0.515128004113157
41895.png,1,1,0.5061127759915136
59381.png,1,1,0.520866219384963
60244.png,0,0,0.4908213072888646
60378.png,1,1,0.5203737911584105
31942.png,1,1,0.5163818108678175
1859.png,1,1,0.5168523510545007
9732.png,1,0,0.47642660640570134
48070.png,0,0,0.47735517771369584
24676.png,1,1,0.5
16729.png,0,1,0.511967242396387
30045.png,1,1,0.5
32931.png,1,0,0.47844334908688985
63531.png,0,1,0.5141655125826702
46006.png,0,1,0.5167825709565704
59255.png,0,0,0.4826032710914996
17071.png,0,1,0.5142805382719533
26211.png,1,1,0.5195919469270601
64332.png,1,1,0.5082113923916508
15295.png,0,1,0.5144058444458233
54150.png,1,0,0.5
12355.png,0,1,0.5074141198809262
34367.png,0,0,0.4794759337613846
53433.png,0,1,0.5137709248881798
14820.png,0,0,0.48442371965263276
732.png,1,1,0.5089733582407517
10884.png,1,1,0.5
5863.png,1,0,0.4777028209901312
14944.png,0,0,0.49029827211121574
3394.png,1,1,0.5
58697.png,0,1,0.516995842933766
5417.png,1,1,0.5097982926525394
26049.png,1,1,0.5184244521474376
16097.png,0,1,0.5202070246200612
54527.png,1,1,0.5090374281888567
18463.png,0,1,0.5176028443452062
57892.png,1,0,0.4775499691829209
51954.png,0,1,0.5114895930332821
56376.png,1,1,0.5097807460246411
39944.png,0,0,0.5
58055.png,1,1,0.5058609629580386
10277.png,0,1,0.514936411970241
22158.png,1,1,0.5
2436.png,0,0,0.4855507921016314
12363.png,0,1,0.5173212527200348
53208.png,1,1,0.5170327900748486
639.png,0,1,0.5206531816757027
36181.png,1,0,0.4868063035534778
56839.png,1,1,0.5
39338.png,1,1,0.5184652254273965
6309.png,1,1,0.5136680304684534
16855.png,1,0,0.47662972864379505
53495.png,0,1,0.5190616126969695
5494.png,0,1,0.5064040252238152
42289.png,0,0,0.4806130453378623
46849.png,0,1,0.5
41886.png,0,0,0.4768261851978298
47068.png,1,1,0.5151627315426428
13920.png,0,1,0.517847975425664
7127.png,1,0,0.5
20193.png,1,1,0.5165664825084489
36295.png,1,1,0.5156427734627184
19627.png,1,0,0.47896825522740094
42630.png,0,1,0.5129534289781285
55317.png,1,0,0.48208032686588315
14624.png,1,1,0.5183188841154576
56438.png,1,1,0.5131188080421326
47003.png,0,1,0.5116208082101986
5384.png,0,1,0.5101316131976114
54863.png,1,0,0.4829446532653764
5279.png,0,1,0.5199214329266307
35222.png,0,0,0.5
42385.png,1,0,0.4852167827046055
25458.png,0,1,0.5078037930500966
48272.png,1,0,0.4854796083037821
28465.png,0,1,0.5
20587.png,1,1,0.5081033962917151
14170.png,1,1,0.5163333197624047
50362.png,1,1,0.5225589347564972
60265.png,0,0,0.4936347780207061
56589.png,0,0,0.5
21671.png,1,0,0.4940390728008021
28928.png,0,1,0.5189461712928941
14153.png,1,0,0.47918981277609934
21809.png,1,1,0.5176365368705755
41618.png,0,1,0.5171176026385828
47238.png,1,0,0.4948789986841517
55684.png,0,0,0.48355760918361534
45866.png,0,1,0.5110707141275107
37583.png,1,1,0.5
64935.png,1,1,0.5092842914037278
32383.png,1,0,0.4927732958650547
36292.png,0,1,0.5163368406593365
34415.png,0,1,0.5104192214893899
56997.png,0,1,0.5167000879871105
53404.png,0,1,0.506666304084347
39728.png,0,0,0.47755297899955423
57927.png,1,1,0.5
29472.png,0,1,0.5205387061462581
14944.png,1,0,0.4918931959815794
26581.png,1,0,0.4944036053568302
49777.png,0,0,0.5
34306.png,1,0,0.4817542518436615
40372.png,0,1,0.5072901080289652
42834.png,0,1,0.5178833843754944
4716.png,1,0,0.4879480364634374
55005.png,1,1,0.5139099015129193
39625.png,0,1,0.5199380451721325
28195.png,0,0,0.48049635437549526
16227.png,1,0,0.4784969105735959
59910.png,1,0,0.4778886408957139
23726.png,0,0,0.4845140594274436
47830.png,0,1,0.5
3260.png,1,0,0.47749561828264425
2450.png,0,0,0.47660190538129243
64173.png,1,1,0.516363692435169
1608.png,0,0,0.47787223095984777
55156.png,0,0,0.4835789811190092
30950.png,1,1,0.5057521756769343
50607.png,1,1,0.5157211438542153
12335.png,1,0,0.4771625997023014
25001.png,1,0,0.48047839639061446
17298.png,1,1,0.5231617254065398
64285.png,1,0,0.48234234454824537
33689.png,0,1,0.512086107046757
42203.png,1,0,0.5
899.png,1,0,0.47724716700751324
414.png,0,0,0.5
1270.png,1,1,0.5203212136846855
10951.png,1,0,0.4830928505369867
46243.png,1,1,0.5
29663.png,0,1,0.5164772858372293
46366.png,0,0,0.49179492560554344
50983.png,0,0,0.48331429999708364
59381.png,0,1,0.5207781542625981
10147.png,1,0,0.5
14498.png,1,0,0.4835320297281434
14868.png,1,0,0.48829667649315295
50968.png,1,1,0.5133017738005392
13115.png,0,1,0.5
18472.png,1,0,0.49210067936862967
44020.png,1,0,0.47887405809494055
49827.png,1,0,0.4937433635346637
14123.png,0,1,0.5175347928776088
6060.png,0,1,0.5167539313545606
21706.png,0,1,0.515822450863967
57883.png,1,1,0.5223373414853141
49797.png,0,0,0.4866503976733117
9568.png,0,1,0.5135363128948802
9807.png,0,1,0.5
62249.png,1,0,0.4938710875761819
17695.png,0,0,0.47925293444253336
22052.png,0,1,0.5120706255591021
31834.png,0,0,0.48675349808983176
39156.png,0,0,0.4889085915216046
65039.png,0,0,0.47728199028485935
22164.png,0,1,0.5158122378137147
36106.png,0,0,0.48115163936866157
39486.png,1,0,0.47700504144811134
53889.png,1,1,0.5
59142.png,0,0,0.4795750402395479
13986.png,0,0,0.4769021778302524
55806.png,0,0,0.47082318016087027
56723.png,0,0,0.5
63262.png,0,0,0.47692858954967127
59142.png,1,0,0.4830333489769161
27300.png,0,1,0.50908437903358
11240.png,1,0,0.4874146413978927
63357.png,0,1,0.5085303138529321
62643.png,0,1,0.5
27705.png,1,1,0.5186751392255904
6372.png,1,1,0.5145486307376383
13813.png,0,1,0.5155819074557038
8288.png,0,1,0.5173132628344287
31098.png,1,1,0.5206487185047355
58493.png,1,0,0.4819085964415516
59148.png,1,1,0.5152334511218025
3795.png,0,0,0.4929221950365823
23223.png,1,1,0.5118248877866511
51342.png,0,1,0.5130524940731951
56793.png,1,1,0.5120774921707402
6775.png,0,1,0.5166626924927392
24554.png,0,0,0.47857618988619033
3574.png,0,1,0.5090608091478785
24867.png,1,1,0.5109542411832931
35112.png,0,0,0.5
37401.png,0,1,0.5189956889131483
26580.png,1,0,0.48482433388200424
50357.png,0,1,0.5127300948481904
60408.png,1,1,0.5150202704997419
34255.png,1,0,0.48721415594518575
49712.png,0,0,0.47703232273779267
29679.png,1,1,0.5171403771562487
43301.png,1,0,0.4800439593065732
26035.png,1,1,0.5225791528484798
8017.png,1,0,0.4768387351048667
40250.png,0,1,0.5196119027682008
41565.png,0,1,0.5
14436.png,0,0,0.48755617011343255
13742.png,1,1,0.5193420206461696
12557.png,1,0,0.5
37966.png,1,1,0.5174582042780744
569.png,0,0,0.48507496526140487
42287.png,0,1,0.510248569580079
26430.png,1,0,0.47836559507543236
15886.png,0,0,0.47764621845671806
35038.png,0,1,0.5197668215045796
39341.png,0,0,0.4884972811854843
61078.png,1,1,0.5187026955577776
24795.png,0,0,0.47955522584187305
44187.png,0,1,0.5183614648001243
16566.png,1,1,0.5132077324162334
33877.png,0,1,0.5086056938801288
23146.png,1,1,0.5123515038441675
50720.png,0,1,0.5
30634.png,1,0,0.49399131151197306
40949.png,1,0,0.4849730328377134
33304.png,0,0,0.481492173134946
44347.png,0,0,0.4906028542598846
187.png,0,0,0.4778656250464709
49740.png,1,1,0.5
13333.png,1,1,0.5182181618814313
1813.png,1,1,0.5101614505858746
18781.png,0,0,0.5
19593.png,1,0,0.4933018927444826
36705.png,0,1,0.5163891731996373
53382.png,1,1,0.5215491306560638
6406.png,1,0,0.48191589708900456
22293.png,0,0,0.4260175378905126
2436.png,1,0,0.4854984060720043
52737.png,0,0,0.4790200074340826
28953.png,1,0,0.47882328099597843
31540.png,0,1,0.5161151720111884
54847.png,0,1,0.5142930916063543
28245.png,0,0,0.4785249815117306
39702.png,0,1,0.5
11547.png,0,1,0.5157740064706681
40782.png,0,0,0.49403881395917615
20828.png,0,0,0.4826272404082181
8711.png,1,1,0.5182937487041501
12366.png,0,0,0.47689194432930126
13254.png,1,0,0.4769036820437818
21331.png,1,0,0.4859531169323625
3087.png,1,0,0.5
50158.png,1,0,0.5
42246.png,0,0,0.5
25458.png,1,1,0.508931050499455
3678.png,0,0,0.48681050142334176
28213.png,0,1,0.5096065916539491
60539.png,1,0,0.4755178391233145
28449.png,1,1,0.5156391943608588
35723.png,1,0,0.4763165372543702
21773.png,1,1,0.5
22507.png,1,1,0.5201259177422473
19777.png,0,0,0.4830527171936343
29899.png,0,1,0.5167154781495694
51552.png,1,1,0.524742302046831
9086.png,1,1,0.5115720543817004
54002.png,0,1,0.5168805117959125
20828.png,1,0,0.482405836845584
11128.png,0,0,0.49042283549935095
8092.png,1,1,0.5166983984678525
24097.png,1,1,0.5151305502326733
64233.png,1,1,0.5161999307381379
63371.png,1,1,0.5
65396.png,1,1,0.5140206174126947
11399.png,1,1,0.5192370539210288
42735.png,0,1,0.5185392407717057
14114.png,0,1,0.5127132058989549
55156.png,1,0,0.4835704842917062
30881.png,0,1,0.5195744179913554
58252.png,1,0,0.49224248360279954
59327.png,0,0,0.4946842601734241
15660.png,0,1,0.5
40718.png,0,0,0.4754954369334087
22719.png,1,0,0.4777465293301531
61212.png,0,1,0.5174438966256274
61030.png,1,1,0.5074279771837535
44212.png,1,0,0.47692947309240985
49042.png,0,1,0.5
51906.png,1,0,0.5
38945.png,1,1,0.519238211183698
51165.png,1,1,0.5079548243728087
33340.png,1,1,0.5110021203993924
63654.png,1,0,0.5
45287.png,0,1,0.5088454466839332
54268.png,0,0,0.49054924464366084
50124.png,0,1,0.5168995395540028
58142.png,1,0,0.5
62828.png,1,0,0.4903559338508298
3662.png,0,1,0.50945015206948
35374.png,0,0,0.4782083317296975
50666.png,0,1,0.5185424260520765
47980.png,0,0,0.5
53772.png,0,1,0.5184206200894058
58579.png,1,1,0.5130375623035633
45377.png,1,0,0.5
23499.png,1,1,0.5
58710.png,0,1,0.5177951440807972
16219.png,0,1,0.5
26933.png,1,1,0.5172063985669654
32013.png,0,0,0.47684892115044614
25957.png,0,0,0.48166379463986797
38294.png,1,0,0.4766365090252897
46356.png,0,0,0.5
23428.png,1,1,0.5190777110189215
58338.png,1,0,0.4911936250637237
1143.png,1,1,0.5056930560848907
43877.png,1,1,0.5261067383276186
17648.png,1,1,0.5203442635129274
17923.png,1,0,0.4942820958870969
30909.png,0,1,0.5187379755450916
34527.png,1,0,0.48161258146515246
52825.png,1,0,0.4778343715276853
43703.png,1,0,0.4768756036325691
38699.png,1,1,0.518797537672347
43850.png,0,0,0.47367083720620806
44408.png,0,0,0.4767275189576426
46907.png,1,0,0.5
15176.png,0,0,0.4920377833862773
45310.png,0,1,0.520726895050554
47574.png,0,0,0.476926978819765
12073.png,1,1,0.5224784316212766
28002.png,0,0,0.4845614331150081
43459.png,0,0,0.49298544234407427
53028.png,0,0,0.47899037951441253
4057.png,0,0,0.5
32880.png,0,0,0.4771246044675952
45269.png,0,1,0.5
62273.png,1,0,0.4791983591259816
50311.png,0,0,0.49471596271390683
56181.png,0,1,0.5072499784321872
12412.png,1,0,0.48849345817602674
21095.png,1,0,0.4856872704566262
55712.png,0,0,0.5
14822.png,1,1,0.513924701546946
31329.png,0,1,0.5
36175.png,1,1,0.5193516692826249
48216.png,1,0,0.4839890056142812
61966.png,0,1,0.5168246450194534
16647.png,0,1,0.5094332593142419
50539.png,1,1,0.5170298478817742
346.png,0,0,0.4785965544689314
30494.png,1,1,0.5065995459126822
12615.png,1,0,0.4808618552121299
14618.png,0,0,0.4922502170158587
41697.png,1,1,0.5
12705.png,1,0,0.4777934319750023
55541.png,1,0,0.47852889769902485
59655.png,1,1,0.5200360608982831
20755.png,0,0,0.47736636557795903
28928.png,1,1,0.519750116578738
12265.png,0,1,0.50773561891326
50124.png,1,1,0.5168882406891284
51441.png,1,0,0.48030490382542584
49982.png,1,1,0.5175207354836506
64026.png,0,0,0.49032576644093795
42443.png,1,1,0.5181042478115825
54076.png,1,1,0.5
37909.png,0,0,0.48052414175347324
47318.png,0,1,0.5133330054553051
19621.png,0,0,0.4864740251792889
1353.png,1,0,0.47670580884772734
6159.png,1,0,0.48569633346943086
12364.png,0,0,0.4852310935949214
6566.png,0,0,0.47758927116035593
40494.png,1,0,0.4767253241967153
34824.png,0,1,0.5137111945868923
13905.png,0,1,0.5153777885337425
60501.png,0,1,0.5133986672964848
56787.png,1,1,0.5178805996722623
49770.png,1,0,0.4796774785207628
34103.png,1,1,0.506163355738606
20985.png,0,0,0.48337477512420035
27195.png,0,0,0.5
2534.png,1,0,0.4947778507158234
63947.png,1,0,0.48688905524942616
14478.png,1,1,0.507427787883711
51688.png,1,1,0.5082760766130983
41930.png,0,0,0.4810301434477993
50814.png,0,0,0.47730494751176755
63102.png,0,0,0.48782744050473953
21770.png,1,0,0.47730316734578654
22372.png,1,0,0.47625203237053043
26606.png,0,1,0.5
37164.png,1,1,0.5173536175874953
28307.png,1,1,0.5122736791586381
47916.png,1,0,0.48212882054435563
25124.png,0,1,0.5142167097328733
32845.png,0,1,0.5145903135753128
7610.png,0,1,0.522790943693574
38228.png,1,1,0.5158330257862836
25124.png,1,1,0.5136830393783938
8424.png,0,0,0.48288139002711733
49721.png,1,1,0.5186298597102825
7986.png,1,0,0.4948606822313995
17279.png,1,1,0.5073635718549107
37934.png,0,0,0.4815412431992196
44600.png,0,1,0.5189983355719916
39875.png,1,1,0.5156168197152479
22834.png,0,1,0.5
46819.png,1,1,0.5161012095891728
7411.png,1,1,0.5070919251698938
47069.png,0,1,0.5154123129121706
8214.png,1,0,0.4896446233830159
8565.png,0,1,0.507250251438758
38567.png,0,1,0.5058610074888559
45536.png,0,1,0.5141676347205918
30748.png,1,1,0.5
38055.png,0,1,0.5154002657485431
26252.png,0,1,0.5105925540340784
44426.png,0,0,0.5
60867.png,0,0,0.47813873540049756
2228.png,0,1,0.5
653.png,0,1,0.5135827940890261
15035.png,1,0,0.4767609213842301
57729.png,1,1,0.5118616904497847
24894.png,0,0,0.4783359254109587
42698.png,1,0,0.47646236346986104
33119.png,1,1,0.5105429646148079
29607.png,1,0,0.49060843477756755
3574.png,1,1,0.5094130122999714
24351.png,0,1,0.518887604800531
44074.png,1,1,0.5173105106877014
18153.png,0,1,0.5148118326699316
9976.png,1,0,0.48030962365254
30629.png,0,0,0.49349206075423685
61028.png,1,1,0.5094054084729343
29508.png,0,1,0.507042854454598
2164.png,0,1,0.5
5779.png,1,1,0.5180796195073011
61078.png,0,1,0.5187407265383303
33985.png,0,1,0.5084075111633853
51101.png,0,0,0.47771766456787385
4992.png,1,1,0.516449609717971
54543.png,1,0,0.47676718535533036
38699.png,0,1,0.5197330242740376
22787.png,0,1,0.5107885172087333
610.png,1,1,0.5185352575697919
28213.png,1,1,0.5098064763370589
15061.png,0,0,0.48038045573709093
63427.png,1,0,0.4787985081264555
26492.png,0,0,0.48635419596587826
50999.png,1,1,0.515652154854557
35018.png,0,1,0.5178295354960061
19728.png,0,1,0.5
1856.png,1,1,0.505004307608498
50848.png,1,0,0.47690747656648236
59028.png,0,0,0.49032728773233364
30308.png,0,0,0.4769129210185242
34103.png,0,1,0.5055750590040712
15913.png,1,1,0.5
5023.png,0,1,0.5057988864454612
47441.png,0,0,0.4769473375271538
22739.png,0,1,0.5124460889422146
51227.png,0,1,0.5
64098.png,1,0,0.5
45784.png,1,1,0.5174184650184263
44778.png,1,0,0.48948861845781677
22901.png,0,0,0.4854207636291065
50255.png,1,1,0.5164469233642478
58955.png,0,1,0.5164766606037743
1201.png,0,0,0.486082302616071
52050.png,0,0,0.478196928990515
44600.png,1,1,0.5188951368536112
42461.png,0,0,0.49126021733508696
20816.png,1,0,0.481569740533786
4853.png,0,1,0.5
28578.png,1,0,0.4836952806100239
24147.png,1,0,0.4847617409680688
59645.png,0,0,0.48370903217522593
55766.png,0,1,0.515731580642674
53102.png,1,0,0.5
4957.png,1,1,0.5089134979691928
6892.png,1,1,0.5176868181763066
56563.png,0,1,0.5201152813086136
28011.png,1,0,0.4788017781222545
44157.png,0,1,0.5099954646645637
4592.png,1,0,0.4918757908275882
57066.png,0,0,0.4927518050989782
49672.png,0,1,0.5156118775504642
20569.png,1,1,0.5155705771110878
25001.png,0,0,0.4804203565187284
15409.png,0,0,0.4846833017392802
7279.png,0,1,0.5
230.png,0,0,0.47843222059261487
64750.png,0,0,0.5
21525.png,0,0,0.48718296522307025
25552.png,0,0,0.4804171258038456
60298.png,1,1,0.5074604666551598
20490.png,0,0,0.49478987888519654
16108.png,0,1,0.5096207686695614
20103.png,1,1,0.5142025061711554
598.png,0,1,0.5114632972558699
41719.png,0,0,0.477385100555134
35610.png,0,1,0.5142006442630903
43269.png,1,1,0.5080336286337561
51771.png,1,0,0.4860445680547418
41852.png,0,0,0.4898134769673989
64524.png,1,0,0.4935715307918426
12557.png,0,0,0.4917353375400806
44309.png,1,1,0.519172793027061
56376.png,0,1,0.509053101612282
4011.png,0,0,0.4871874630316431
53877.png,0,0,0.4789339879552984
37528.png,1,0,0.4781434693914336
28390.png,1,1,0.5211580263111635
1873.png,0,1,0.5
31803.png,0,1,0.5203661686249007
53382.png,0,1,0.5213714588144305
50396.png,1,0,0.47686680608359006
47916.png,0,0,0.47985433182670195
24606.png,0,0,0.4772675236954108
28878.png,0,1,0.5
46568.png,1,1,0.516482460924447
44291.png,1,0,0.47839868070442576
37735.png,0,0,0.47704304587119867
12364.png,1,0,0.4864002395411635
37556.png,0,1,0.5175688214663846
38484.png,1,1,0.5
50978.png,1,1,0.5103755593382319
47830.png,1,1,0.5058577887363206
12124.png,0,1,0.5164437806822089
55175.png,1,1,0.5
61326.png,1,0,0.4931982951379616
27195.png,1,1,0.5114632849143513
19074.png,1,1,0.5
7130.png,1,0,0.4878187855532482
11919.png,1,0,0.4817889019229355
19953.png,1,1,0.5127242981129234
51087.png,1,1,0.50571212994343
37934.png,1,0,0.48013108533343446
26148.png,1,1,0.5178493623812046
16683.png,0,1,0.506988492034731
23460.png,0,0,0.4768484946803806
30715.png,1,0,0.5
55931.png,0,1,0.5141517850506809
46819.png,0,1,0.5160457459167845
60829.png,1,1,0.5139821025139323
5626.png,0,1,0.5181467931351799
5675.png,1,0,0.47433023605792124
35038.png,1,1,0.5194950361809096
6782.png,1,1,0.5080430019485743
59297.png,1,0,0.47837609582710716
53132.png,1,1,0.5
37495.png,0,1,0.5185216954538496
45400.png,1,1,0.5200059503621496
17826.png,0,0,0.4680104585212144
6618.png,0,1,0.5
28571.png,1,0,0.4820614186952552
26499.png,1,1,0.5
62623.png,0,1,0.5170670310879492
49956.png,1,1,0.5145649970795669
21740.png,1,1,0.5
4318.png,1,0,0.4876355342681128
29058.png,1,1,0.5164116645914069
63146.png,0,1,0.5093412255536718
58910.png,0,1,0.5192465665095423
61540.png,1,1,0.5206287027129338
37423.png,1,0,0.4945224012093062
38667.png,0,1,0.514207486070404
28559.png,1,1,0.5173711009548789
53993.png,0,0,0.4937456807699592
32931.png,0,0,0.47844309931838414
13846.png,1,0,0.4832021078416739
50907.png,1,0,0.4946015133848711
24268.png,1,1,0.5159032064786794
33160.png,0,0,0.4763691926281915
24635.png,0,0,0.47804759295171656
17846.png,1,1,0.5058028544775651
29076.png,0,1,0.5
14776.png,0,0,0.4948947206033036
46444.png,1,1,0.5195775473208429
1580.png,1,1,0.5178225639006833
37902.png,1,1,0.513494027591518
56623.png,0,1,0.5220025471051912
54870.png,1,0,0.47644150036101246
36949.png,0,1,0.5147353237220332
35208.png,0,0,0.4767124556947993
53028.png,1,0,0.4789727497010092
22182.png,1,1,0.5
2050.png,1,0,0.4932377870856669
8388.png,0,1,0.5108511007181946
28209.png,0,0,0.47682056547286616
35127.png,0,0,0.47770538108021726
3662.png,1,1,0.507433225808357
49982.png,0,1,0.5167664998152129
37783.png,1,1,0.5178399138632849
52644.png,1,1,0.5120799923818622
15670.png,0,0,0.47684159195139253
10147.png,0,0,0.5
37495.png,1,1,0.5172050827642168
32486.png,0,1,0.5094526172208722
5195.png,1,0,0.47879207971037124
54397.png,0,1,0.5179307092406776
59991.png,0,1,0.5190283422227562
47777.png,1,1,0.5181302197015941
58697.png,1,1,0.5167510641879768
20343.png,0,1,0.5096879310454691
15056.png,0,1,0.5196526768893143
48454.png,1,0,0.48713957028406923
14205.png,1,1,0.5
22959.png,1,0,0.4770633750301286
45376.png,1,0,0.48898868480902913
7004.png,0,1,0.5110706360777835
48937.png,0,0,0.5
30307.png,0,1,0.5
20753.png,0,0,0.4851305545847389
27849.png,1,1,0.5155616923731479
6111.png,0,1,0.5186341376584169
30587.png,1,1,0.5057326352463931
49506.png,1,1,0.5
18877.png,0,1,0.5106569184203926
60434.png,0,0,0.47620027762545564
17660.png,1,0,0.4922218072614386
42801.png,0,0,0.5
59856.png,1,0,0.4776670968502466
8678.png,0,0,0.5
57512.png,1,1,0.5
38339.png,0,1,0.5
33319.png,1,1,0.5203173217129254
32884.png,1,1,0.511166758448187
346.png,1,0,0.4783226100035315
47871.png,1,1,0.515867261409279
13611.png,1,0,0.4797391197542824
22507.png,0,1,0.5213194933701245
40364.png,0,0,0.4772780596561337
11010.png,0,0,0.4919756305950092
42834.png,1,1,0.5177370705069858
58269.png,1,0,0.49335565792117386
32883.png,0,1,0.5116837974331481
28264.png,0,1,0.5
10015.png,1,1,0.5215789696142878
10458.png,0,1,0.506246015431348
32945.png,1,0,0.48823717899299424
61450.png,1,1,0.5162919906663713
54880.png,0,0,0.48209644893240505
49721.png,0,1,0.5195827422109074
45958.png,0,1,0.5
54003.png,0,1,0.5055655613044268
9590.png,0,0,0.47979422593337917
36707.png,1,1,0.5
6448.png,1,0,0.5
1574.png,0,1,0.5
37783.png,0,1,0.5177049228404887
4650.png,0,0,0.4942440728890847
28059.png,0,1,0.5069629706345756
12298.png,0,1,0.513427412289291
14999.png,0,0,0.4901695741447746
14930.png,1,0,0.4775427148340483
21253.png,0,1,0.5108484742223873
14111.png,1,1,0.521460246335408
24218.png,0,0,0.4801687884348428
31956.png,1,1,0.5175834290198804
33949.png,1,1,0.514951696582449
44267.png,1,0,0.48962248428683225
45030.png,1,0,0.4931446106229797
33071.png,1,1,0.5122926190235654
63918.png,1,1,0.5206411386595668
48207.png,0,1,0.5277471375819561
35035.png,0,0,0.4879931118386059
31262.png,1,1,0.5202821504718428
37980.png,1,0,0.48816953713946903
50698.png,0,0,0.4773846587043696
38292.png,1,1,0.5
29083.png,1,0,0.5
33588.png,0,0,0.4819824740903404
15815.png,1,1,0.5176213294125229
24027.png,0,1,0.5077294817917061
17756.png,1,1,0.5
22175.png,0,0,0.47725516115872574
10139.png,1,1,0.5059199771016322
427.png,1,0,0.4914842688363369
2657.png,1,1,0.5
26430.png,0,0,0.47829726664876
29671.png,1,1,0.5162166668046683
44212.png,0,0,0.47695338945477733
9807.png,1,1,0.5
18554.png,1,1,0.506051630227346
13665.png,0,1,0.5
33199.png,0,0,0.5
43459.png,1,0,0.49374959203115704
42827.png,0,0,0.49108424039783777
27312.png,1,0,0.4773192550204063
42268.png,1,1,0.5078005362976492
38283.png,0,0,0.4817065128981147
10636.png,0,1,0.5169074226049674
20343.png,1,1,0.5097772819273326
51087.png,0,1,0.5059024978948765
4733.png,0,1,0.5
1041.png,0,1,0.5160875814594533
17128.png,0,1,0.5052450638183227
19332.png,1,1,0.5163857233295981
63918.png,0,1,0.5201907792791596
4634.png,1,0,0.47772638224872827
48275.png,0,1,0.5184385358930207
34842.png,0,0,0.4818223856725149
34306.png,0,0,0.47929067566081196
25022.png,0,0,0.47706676929725933
9954.png,1,1,0.5135162568099353
35628.png,0,1,0.5186063235362388
34883.png,0,1,0.5151611214573368
27454.png,1,1,0.5096572428707378
4481.png,0,1,0.5
28209.png,1,0,0.4768191122750119
16612.png,0,0,0.48692290933511395
35117.png,0,1,0.5
18362.png,0,1,0.5
60195.png,1,1,0.517743159509677
19633.png,1,0,0.49116670828201675
33949.png,0,1,0.5155265362811793
17695.png,1,0,0.479287447139098
32989.png,1,0,0.5
54003.png,1,1,0.5083777115465833
56269.png,1,0,0.4908443586299129
37942.png,1,1,0.5090952699735095
49797.png,1,0,0.48881059834607565
46935.png,1,0,0.4839063772286817
42630.png,1,1,0.5103909918462771
46312.png,1,0,0.47777801089787797
28965.png,1,1,0.5176704610676456
59951.png,1,1,0.5111680120944683
16538.png,1,1,0.5164122339192512
64717.png,1,0,0.4793450335277534
21740.png,0,0,0.5
19563.png,1,0,0.4914288162931246
14700.png,0,0,0.4769521906202585
42391.png,1,1,0.5
50690.png,1,0,0.5
25388.png,1,0,0.4789986775232663
21728.png,0,0,0.4858373211321891
42801.png,1,0,0.5
46366.png,1,0,0.5
65396.png,0,1,0.5136774814037895
61966.png,1,1,0.5178947918460283
8481.png,0,0,0.4847861147448701
49613.png,1,0,0.5
20097.png,0,0,0.48037018693373484
34132.png,1,0,0.489827936894948
49777.png,1,0,0.49310678630824956
26200.png,0,1,0.5055683030494393
32945.png,0,0,0.48809335312764124
32011.png,0,1,0.5171052649305944
34528.png,0,0,0.483782033789113
14478.png,0,1,0.5072625612520012
63146.png,1,1,0.5098165332946609
44622.png,0,0,0.48542144710892504
12862.png,0,0,0.5
12124.png,1,1,0.5164568691562333
53675.png,1,1,0.5181274022710229
55031.png,0,1,0.5236547784689124
22416.png,0,0,0.482888045267577
770.png,0,1,0.5072742528491401
13734.png,1,0,0.47967323551466823
31098.png,0,1,0.5201396834284457
38996.png,1,0,0.48486895853200457
63286.png,1,0,0.4768957825024204
36245.png,1,1,0.51514622711155
28962.png,0,1,0.5087286950308333
17218.png,0,1,0.5147214580670276
50632.png,1,1,0.5
63425.png,0,0,0.47696037599494623
24012.png,0,0,0.4905993171871187
16538.png,0,1,0.515882638927486
58888.png,0,1,0.5198323660355759
64935.png,0,1,0.5066845834182437
58677.png,1,0,0.49417829145500347
6476.png,0,1,0.5161120126384401
10645.png,1,1,0.5162979384989386
13187.png,1,1,0.5
29010.png,0,0,0.4783376780220743
43085.png,1,0,0.483207104618551
45139.png,1,1,0.5
7713.png,1,1,0.5077961803815786
13115.png,1,0,0.5
14700.png,1,0,0.4769545115455144
31245.png,1,0,0.4771930248893983
23636.png,1,0,0.49267235443649
51069.png,0,0,0.47759137055894874
37528.png,0,0,0.47791884275661645
12924.png,1,0,0.4786346532281014
13451.png,0,0,0.48248786196712834
9568.png,1,1,0.5133668974577869
20379.png,0,1,0.5184836646498082
2228.png,1,1,0.5
31893.png,1,0,0.4768727642049389
34171.png,0,0,0.5
26292.png,0,0,0.48302976443474804
63205.png,1,1,0.5174264387543082
32722.png,0,0,0.47697795974382495
44267.png,0,0,0.48581439407290816
37816.png,0,0,0.48058445228987
937.png,1,0,0.5
56452.png,1,0,0.4768936080704005
60057.png,1,1,0.5101474643669778
56659.png,1,1,0.5
13315.png,0,1,0.5168195795658197
29146.png,1,1,0.5095351361120773
41696.png,0,1,0.5062125476141153
14954.png,1,1,0.5200648021122254
14776.png,1,0,0.5
60113.png,0,0,0.47739833365988227
44554.png,1,0,0.4783922818981343
49514.png,1,1,0.5153216602849333
34317.png,0,0,0.4769531261538788
49318.png,0,1,0.5154697561548058
10742.png,0,1,0.5163473666912483
35861.png,0,1,0.5174446719802149
33199.png,1,0,0.5
13785.png,0,0,0.4777210731970427
8092.png,0,1,0.5174700788164383
6857.png,1,1,0.5082447231734
6620.png,1,1,0.517282650518883
25285.png,0,0,0.5
16939.png,0,0,0.49439441564810593
43142.png,0,1,0.5168539056819597
44940.png,0,1,0.5106439833397355
42886.png,0,1,0.5
33235.png,1,0,0.4829093673857447
377.png,0,0,0.48297446444849823
64006.png,1,1,0.5126950893980717
53248.png,1,1,0.5148627191414427
43610.png,0,1,0.519491519416838
19130.png,1,1,0.5187820057971342
24600.png,0,0,0.48599670360177727
24348.png,0,0,0.47747919846950676
61270.png,1,1,0.5206391385705766
44208.png,1,0,0.4770472173769274
54002.png,1,1,0.5170977849295324
34845.png,0,1,0.5177027907381667
47133.png,1,0,0.47775084778053895
61506.png,0,0,0.5
10176.png,1,1,0.5
13957.png,1,1,0.5
56544.png,0,0,0.47914485906965365
8733.png,1,0,0.49392251232256557
21851.png,0,1,0.5156920023433287
61072.png,1,1,0.5185197413029158
44821.png,1,0,0.4803782049548271
11985.png,0,1,0.5080432399643334
61355.png,0,0,0.48824984491376083
57652.png,0,0,0.48903357846659706
32722.png,1,0,0.476989499193124
36986.png,0,0,0.4837450063918339
41553.png,0,0,0.5
52864.png,0,0,0.5
54439.png,1,0,0.4787225288764389
44000.png,1,1,0.5100270294465703
54737.png,0,1,0.5106677149405373
3824.png,1,0,0.4883553426605631
14324.png,1,1,0.5110259257422787
18940.png,1,0,0.4837170414646776
12912.png,1,0,0.5
19116.png,1,1,0.5171331961733463
56127.png,0,1,0.5198106605751511
27694.png,1,0,0.48743267093186343
26868.png,1,1,0.5145711776359153
29466.png,0,0,0.4837783435887052
62463.png,1,0,0.4768395236657364
51169.png,1,0,0.4770758916202121
60319.png,1,0,0.4811799639573016
25344.png,0,0,0.47681261935747615
11662.png,1,1,0.513511375210718
38625.png,1,1,0.5181722139519063
49233.png,1,1,0.518978341222967
4740.png,1,0,0.47983084474425625
21156.png,1,0,0.47697058285598043
60076.png,0,0,0.4772767732783948
45139.png,0,1,0.5
31354.png,1,1,0.5178897872335381
47770.png,1,1,0.5064077312633062
59183.png,0,0,0.5
24696.png,0,1,0.5116112520112428
31222.png,0,1,0.5168469939203032
31168.png,1,1,0.5061359064846458
61595.png,0,1,0.5152433775683971
49237.png,1,1,0.5122605311033651
24770.png,0,1,0.5071987214769937
47151.png,1,1,0.5215655215092186
26119.png,0,1,0.5190841162423997
43128.png,0,1,0.5125107232271936
44701.png,0,0,0.49021754480247554
64589.png,0,0,0.47672597482873763
33878.png,1,1,0.5138864036587857
14710.png,1,1,0.5095107623655434
37280.png,0,0,0.5
39579.png,0,1,0.5136288994268855
10911.png,0,1,0.5188391298807961
7320.png,0,1,0.5229860338568867
10855.png,0,1,0.5172388643573821
30344.png,0,0,0.480415331962503
8266.png,1,1,0.5078712841781484
46206.png,1,0,0.48147977691299937
20751.png,0,1,0.5
46206.png,0,0,0.48143047187871213
51643.png,0,1,0.5
24615.png,0,0,0.476790676277096
330.png,0,0,0.5
24505.png,0,0,0.4813057389703382
7561.png,1,1,0.5223221833665486
13725.png,1,1,0.5190850469031536
25749.png,0,1,0.5179657020594785
36511.png,1,1,0.5165503907229535
17008.png,1,0,0.47879180507739083
53877.png,1,0,0.4796708255507417
30909.png,1,1,0.5187647057123829
1587.png,0,1,0.5061465103455565
22959.png,0,0,0.47706108288925064
23502.png,0,0,0.4801366164956413
43660.png,0,1,0.5153173574116076
36295.png,0,1,0.5158903802334752
6212.png,0,1,0.5160997178150354
54998.png,1,1,0.5201917937306096
15269.png,1,0,0.47856572303420025
29129.png,0,1,0.5182232527540105
35781.png,0,1,0.5078541699841465
37195.png,1,1,0.5
58782.png,0,0,0.4774211971529399
20920.png,1,1,0.5181879683401336
37195.png,0,0,0.5
29912.png,1,1,0.5132234710815755
1137.png,1,1,0.5156725753607052
30871.png,0,0,0.4768842635249833
45180.png,0,0,0.5
52116.png,0,1,0.5105140145121871
46511.png,0,1,0.5
55249.png,0,1,0.5165574671559721
26499.png,0,1,0.5
45004.png,1,0,0.5
36840.png,0,1,0.5147882586555685
9977.png,1,0,0.5
3159.png,1,1,0.5087419230838844
38698.png,0,1,0.5177339405804622
1201.png,1,0,0.48623441947806
30883.png,1,1,0.5
20662.png,1,1,0.5
53398.png,0,0,0.5
28879.png,0,1,0.5113783560430689
14101.png,1,1,0.5206369510193181
765.png,1,1,0.5186255704928541
23398.png,1,1,0.5212423040246891
50419.png,0,1,0.5079611969098597
26021.png,1,0,0.49431628459579363
21239.png,1,1,0.5
46927.png,0,0,0.4765606342658112
65189.png,0,1,0.508619820179894
20749.png,0,0,0.5
28011.png,0,0,0.47879371803388715
26402.png,1,1,0.5098035599579411
29380.png,1,0,0.4771738226715004
50989.png,0,0,0.4802718494973626
36597.png,1,1,0.5
49928.png,1,1,0.5
17878.png,0,1,0.5179325175726684
27419.png,1,1,0.5170465320746833
62767.png,0,0,0.4831871124011492
2083.png,1,1,0.5057410090785804
53398.png,1,0,0.5
26436.png,0,1,0.5179743242137044
15784.png,1,1,0.512427817069611
20662.png,0,1,0.5
17249.png,1,1,0.5151511067748239
3062.png,0,0,0.48421991471445147
41697.png,0,1,0.5
55695.png,0,0,0.5
52205.png,1,0,0.49445255183358555
22918.png,0,1,0.5114021080761684
30624.png,1,1,0.5168076905888498
42886.png,1,1,0.5
40835.png,1,1,0.505595356260246
45485.png,1,0,0.47669046252882585
12025.png,1,0,0.5
26894.png,0,0,0.48971732047640343
53763.png,1,1,0.5157556583162656
4321.png,1,0,0.4901120290035416
35717.png,1,1,0.513400252715365
29605.png,1,0,0.5
33064.png,1,1,0.5167984998221251
8074.png,0,1,0.5116784057269325
18679.png,0,0,0.4246844783979027
19728.png,1,1,0.5
38633.png,0,1,0.5198448382829275
34992.png,0,1,0.5129410896067431
2064.png,1,0,0.49032060666545985
3826.png,1,1,0.5096156442597001
28355.png,1,0,0.4812611309562038
56339.png,1,1,0.5123908045888634
11964.png,0,1,0.5147970014796218
47426.png,0,0,0.4805178083476084
9822.png,1,1,0.5191195722164965
46733.png,1,1,0.5119226341877053
20795.png,0,0,0.5
45620.png,0,0,0.5
57505.png,1,1,0.5222429141936474
35216.png,0,0,0.49357334173051304
51085.png,0,1,0.5204600025619529
42308.png,0,1,0.5
2064.png,0,0,0.4888240862433505
26335.png,0,0,0.4938272644708175
8268.png,0,0,0.47628635897589033
23463.png,1,0,0.4781084175966583
23143.png,0,0,0.47861769761956935
28279.png,0,1,0.5151621114183049
44940.png,1,1,0.5098994049202416
51234.png,0,0,0.48804252246289415
3895.png,0,0,0.4869823314103639
44074.png,0,1,0.5173470995641767
8807.png,0,1,0.5
24606.png,1,0,0.4772855804276896
14389.png,0,0,0.4820581634703805
40835.png,0,1,0.5
775.png,0,0,0.49383569563603513
11440.png,0,1,0.5079649152438812
10799.png,0,0,0.4775666839481536
3110.png,0,0,0.478659886597425
45686.png,1,0,0.4929593135073164
58593.png,1,1,0.5051361709440106
13989.png,0,1,0.5106972969715062
38500.png,0,1,0.5102784593216803
12427.png,1,1,0.5
53137.png,1,1,0.5
8401.png,1,0,0.5
52991.png,0,1,0.5
34211.png,0,0,0.49442606464154465
58486.png,0,0,0.4801898367445119
1237.png,0,0,0.47896596150343274
31826.png,1,1,0.5129416639176329
10911.png,1,1,0.519375896233405
47101.png,1,1,0.5150827883030845
30572.png,0,1,0.521535335386042
63547.png,1,1,0.513448595046542
53648.png,0,1,0.513797733125133
54023.png,1,1,0.5163672119201073
2164.png,1,0,0.5
39795.png,1,1,0.5153937143802587
403.png,0,1,0.506713134932901
36986.png,1,0,0.4837072846146238
8080.png,0,0,0.48146628642210754
29736.png,1,1,0.5123136202730066
46733.png,0,1,0.5117482490856327
32293.png,0,1,0.5163889411377913
32714.png,1,1,0.5188733428340846
44575.png,1,0,0.4775267746644144
51742.png,0,1,0.5064125129755852
2404.png,1,0,0.493409997802945
61997.png,0,1,0.5
54573.png,1,1,0.5067625054507415
42512.png,1,0,0.47695145717434767
569.png,1,0,0.4850975120896615
11513.png,1,0,0.4924882851252803
49740.png,0,0,0.5
55291.png,1,0,0.47792987428512623
59991.png,1,1,0.5193048754169393
23038.png,0,0,0.4898871851573698
50905.png,0,0,0.4949753377906157
14227.png,0,1,0.5147537391315261
14898.png,0,0,0.4787854903886144
12064.png,1,0,0.4820024046590859
28714.png,0,0,0.5
3228.png,0,0,0.4859368899391115
40994.png,0,0,0.4837193988970226
57652.png,1,0,0.48845448944894626
7972.png,1,1,0.5
26335.png,1,0,0.5
6696.png,1,1,0.5152214598406359
31186.png,1,1,0.5169844368656425
1419.png,0,1,0.5162569746293929
8259.png,0,1,0.5
50237.png,0,1,0.5168448563815662
15987.png,0,1,0.5159345739719291
16649.png,0,1,0.5
23247.png,0,1,0.519516097649399
12793.png,1,0,0.4849603855438857
32154.png,1,1,0.5099448670817041
62358.png,0,0,0.47726241489504756
7972.png,0,1,0.5
63707.png,0,1,0.5
16205.png,1,1,0.5
3671.png,0,1,0.5114288877086911
16884.png,1,0,0.4855113554845927
36746.png,0,0,0.5
38521.png,0,1,0.5098713190586915
50117.png,1,1,0.5159063987857674
37164.png,0,1,0.5172498722143358
8074.png,1,1,0.5138362835982305
42097.png,0,1,0.505544984497146
23976.png,1,0,0.4772546531009391
46006.png,1,1,0.5165094668945194
7770.png,0,1,0.5179995208044397
44387.png,1,0,0.49197312005681454
52205.png,0,0,0.5
29220.png,0,1,0.5213222517645846
18362.png,1,1,0.5
50983.png,1,0,0.4835010213217017
45563.png,0,0,0.4942781906638866
32393.png,0,0,0.4772843733271013
62273.png,0,0,0.47927355586642145
33041.png,0,1,0.5160585485959339
35861.png,1,1,0.5175128412831529
21014.png,1,1,0.5140781100205287
40072.png,1,1,0.5201228381950539
63839.png,0,1,0.5149112439873302
28645.png,1,0,0.4834838939904123
29524.png,1,1,0.5182442824160587
35322.png,1,1,0.5
37135.png,1,0,0.5
35723.png,0,0,0.47630923693330446
37857.png,0,1,0.5141933208407491
39486.png,0,0,0.47700483737443955
60539.png,0,0,0.4768535595949736
41284.png,1,1,0.5145897361524291
31262.png,0,1,0.5203359971248702
37975.png,1,0,0.4764519021207431
60154.png,1,1,0.518547463955351
23357.png,0,1,0.5056263004571317
54945.png,0,0,0.48395732315970236
21266.png,0,1,0.5052869547345725
52798.png,0,1,0.5216956092393357
41484.png,1,0,0.4805332542202832
42118.png,1,1,0.5120827850480724
46212.png,1,1,0.5066132064839522
14205.png,0,0,0.5
43994.png,1,1,0.5105007283698795
29605.png,0,0,0.5
30923.png,1,1,0.5163206385621057
34526.png,1,0,0.4869131182828706
44838.png,0,1,0.5
33296.png,1,0,0.48074074999535865
5234.png,0,1,0.5
27957.png,1,0,0.47664359439928905
48818.png,1,1,0.5070796328002359
20816.png,0,0,0.4817897849300129
31336.png,1,0,0.5
52747.png,0,0,0.4924230508002977
25388.png,0,0,0.4784207434611868
63968.png,1,1,0.518948519608546
57172.png,0,1,0.5154533627188389
21004.png,1,1,0.522170449838347
51831.png,1,0,0.5
50607.png,0,1,0.5165267589933301
49716.png,1,1,0.5189440291670193
62276.png,1,1,0.5208594956655368
60993.png,0,1,0.5061575610097144
52559.png,1,1,0.5
62463.png,0,0,0.47686392214098844
24937.png,1,1,0.5146725016296264
48131.png,1,1,0.5073114681899233
41830.png,0,0,0.4775640285631281
54790.png,0,0,0.5
45552.png,0,1,0.5159899164567868
51155.png,0,1,0.5106498879815868
40934.png,1,1,0.5193029081527684
61741.png,1,0,0.4805990745212543
64128.png,0,0,0.4934142188836471
24554.png,1,0,0.47851519582426977
20010.png,1,0,0.4783305331998222
46171.png,0,0,0.47615669429942414
22337.png,1,1,0.5195760262417565
38481.png,0,0,0.4804094436845809
36390.png,1,1,0.519495754366851
25356.png,0,1,0.5119466065100917
49567.png,1,1,0.50948691986595
4556.png,0,1,0.5
568.png,1,1,0.5171903603990271
30871.png,1,0,0.47697519343892564
37364.png,0,1,0.5060183734141365
20498.png,0,1,0.5163032206213035
19895.png,0,1,0.5059598331318935
50907.png,0,0,0.48903745998953424
17815.png,1,1,0.5205095967469473
17334.png,0,1,0.5253349370090176
33041.png,1,1,0.5154742913063842
32428.png,1,0,0.47769067782142627
62164.png,1,1,0.5167282968662801
23357.png,1,1,0.5060253762112181
15061.png,1,0,0.4803223369616622
48937.png,1,1,0.5
3483.png,0,0,0.4787984468614425
21095.png,0,0,0.48481773768441433
56839.png,0,0,0.49393262197624915
13611.png,0,0,0.4797982421733329
30748.png,0,1,0.5
63839.png,1,1,0.5154175845752723
21968.png,0,0,0.4838210910468666
48333.png,1,1,0.520104727564982
13670.png,1,1,0.509960563112547
25957.png,1,0,0.4818747527227678
49583.png,0,0,0.5
4508.png,0,1,0.5172432633394084
19633.png,0,0,0.49096009404241064
50720.png,1,1,0.5073155625445659
6006.png,0,1,0.5
41816.png,1,0,0.49321505834546203
37400.png,1,1,0.5177989043795406
12446.png,0,1,0.5076421159112006
60947.png,0,0,0.5
13219.png,0,1,0.5205320856985027
4984.png,0,1,0.5196541133009893
20752.png,0,0,0.49287945969187347
15285.png,0,1,0.5075584899678337
15314.png,0,0,0.4768731875115963
21770.png,0,0,0.47719927885774377
47052.png,1,1,0.5
39299.png,1,1,0.5
610.png,0,1,0.5184697076156263
65311.png,1,0,0.47970742805584954
60323.png,1,1,0.5224107543431505
2910.png,1,0,0.5
40354.png,1,0,0.4889917607635502
46887.png,0,0,0.47714963803130805
32920.png,0,1,0.513027062294701
45821.png,0,1,0.5231792072202478
56311.png,0,0,0.4840040919777473
34171.png,1,0,0.5
13020.png,1,0,0.4788723428593555
13744.png,0,1,0.515077388706009
36794.png,0,1,0.5
57085.png,0,0,0.47824641509036975
47790.png,0,1,0.5163090982184753
29503.png,1,1,0.5
10208.png,0,0,0.4721505548416469
5734.png,0,0,0.4820342263769779
30624.png,0,1,0.5166641394576733
10180.png,0,1,0.5139331869819197
6164.png,1,1,0.51018512968721
20097.png,1,0,0.4805419564096835
36010.png,1,0,0.489752065318647
60193.png,1,1,0.5128899469640771
58955.png,1,1,0.5172682815250522
37364.png,1,1,0.5077167290872824
35216.png,1,0,0.49358408699202916
598.png,1,1,0.5112044023772018
40349.png,1,0,0.4920619730373197
27666.png,1,1,0.5
21892.png,1,0,0.5
22078.png,1,1,0.5213324932315412
36724.png,1,1,0.5
16442.png,1,0,0.4767431335854249
38440.png,1,1,0.5112030666898606
40022.png,1,1,0.5125608662508288
63793.png,1,1,0.5155248826838371
11708.png,1,0,0.477443871009333
41081.png,1,0,0.47843146615160964
17218.png,1,1,0.5144131352954253
43368.png,0,1,0.5
63654.png,0,0,0.5
27091.png,0,0,0.486265526483437
15579.png,0,1,0.5144829819346974
43324.png,1,1,0.5153204493600582
20151.png,0,1,0.5
26208.png,1,1,0.5
10742.png,1,1,0.516006472057699
50921.png,0,0,0.4914764644078504
43222.png,0,1,0.5159281954245578
33392.png,0,1,0.5086894041321436
16184.png,0,1,0.5
52559.png,0,1,0.5
46243.png,0,0,0.5
11747.png,1,0,0.4785582827184881
24381.png,1,1,0.5
16294.png,1,0,0.48451121070164127
51524.png,1,0,0.4777528007396879
5772.png,0,0,0.5
48291.png,1,1,0.5
8874.png,0,1,0.5074577581147964
37421.png,0,0,0.48127375249264925
633.png,0,1,0.5185855042246406
2966.png,1,1,0.5052595358033917
12823.png,0,1,0.5185201516266927
29025.png,0,1,0.5153445306346321
14716.png,1,1,0.5218441323954688
8109.png,0,1,0.5
54545.png,1,0,0.47748771864361866
38548.png,1,1,0.5252773387714795
44666.png,1,0,0.47689277410375125
62284.png,1,0,0.491329610882504
26313.png,1,0,0.4881169180013525
36453.png,0,0,0.490045996323043
42742.png,0,1,0.5176032590895483
27889.png,1,0,0.47856473186928383
12115.png,0,1,0.5185875396972691
30100.png,0,1,0.5
29281.png,1,0,0.5
45720.png,0,0,0.47858488554356876
62330.png,0,1,0.5197208344961646
39162.png,0,0,0.49223581404993944
29663.png,1,1,0.5165604719704644
47770.png,0,1,0.5105841327674292
11548.png,1,1,0.5
25604.png,1,0,0.4824251271026148
39388.png,1,0,0.47680944125914704
5863.png,0,0,0.4776995859845856
5250.png,0,0,0.4805317915214239
13624.png,1,1,0.5
59597.png,1,1,0.5212965501930469
41201.png,1,1,0.5148217578304247
64649.png,0,0,0.5
42246.png,1,0,0.5
22141.png,0,0,0.47738715457155345
47017.png,1,0,0.49363280814910193
25861.png,1,0,0.47921744301723956
32139.png,1,1,0.5150885252958416
24249.png,1,1,0.5208227513391259
32884.png,0,1,0.5121752052742112
64268.png,1,0,0.47715558502110567
39366.png,0,1,0.5146389208579425
19162.png,0,0,0.4849597216768105
63348.png,1,0,0.4792671500946261
6737.png,1,0,0.48878190424256834
52254.png,1,0,0.4897150833133788
6011.png,0,0,0.487815907834983
5151.png,0,1,0.5058751070057628
4853.png,1,1,0.5
36323.png,0,1,0.5201623252680538
6516.png,1,1,0.5163871495420862
44829.png,1,0,0.47635538648506776
9083.png,0,1,0.5056028628514233
17324.png,1,1,0.5104717216923716
5234.png,1,1,0.5068779211544872
42735.png,1,1,0.5181342649349939
17280.png,0,1,0.5
19986.png,0,0,0.47673149444080215
7282.png,0,0,0.4907791616184814
57505.png,0,1,0.522315585341003
16550.png,0,0,0.4879301614751031
11639.png,0,1,0.5145396881901498
53806.png,0,0,0.47656927740898375
57635.png,0,0,0.47911870875372087
10448.png,0,0,0.4785366115586339
50636.png,0,1,0.5213409974558011
50698.png,1,0,0.47754459065234667
64239.png,0,0,0.4768643025353331
19627.png,0,0,0.48062457921328244
19622.png,1,1,0.5157996403613208
7716.png,1,1,0.519523499052639
44420.png,1,0,0.4899617177158588
40859.png,0,1,0.5179489075618197
24980.png,1,0,0.48980285813178664
7274.png,0,1,0.520882206370845
53404.png,1,1,0.5087117767781193
62151.png,0,1,0.5085758163573554
34132.png,0,0,0.4893086279509001
17555.png,0,1,0.5232053785909712
7829.png,0,0,0.4920727475679959
4028.png,0,1,0.5134230478974176
61338.png,1,0,0.48470554520129444
42340.png,1,0,0.5
37856.png,1,1,0.5173784266146808
5175.png,0,1,0.5169602782931352
30217.png,0,1,0.5134645970253993
18617.png,0,1,0.506167950555307
24682.png,1,1,0.519826539370759
23726.png,1,0,0.48464842787285267
33287.png,1,1,0.5196527739573004
47052.png,0,1,0.5
25472.png,0,0,0.4815346937030214
26286.png,1,1,0.5
43831.png,1,1,0.5171773413163688
23251.png,0,1,0.5091172540650759
8246.png,1,1,0.5113693854583953
46735.png,1,1,0.514634619880179
19563.png,0,0,0.4873693651643889
63713.png,0,0,0.47758009289917924
1482.png,1,1,0.5
51959.png,0,1,0.5
59856.png,0,0,0.47764451229599403
63245.png,0,1,0.5
3671.png,1,1,0.5113544066540369
39573.png,0,1,0.5108620409169704
6516.png,0,1,0.5154731751133612
42266.png,1,1,0.5
2290.png,0,0,0.4855574249236515
41073.png,0,1,0.515425675565556
384.png,1,1,0.5201481399103027
10939.png,1,1,0.5139409752980856
18462.png,1,1,0.5163318067688051
12823.png,1,1,0.5182372922057904
8622.png,0,0,0.48868949275588686
45315.png,0,1,0.5094698404492777
44648.png,1,1,0.5178234533822945
60113.png,1,0,0.47739954274047286
23527.png,0,1,0.5
42039.png,0,1,0.5053041599673431
25067.png,0,1,0.51438712363801
12289.png,0,0,0.48332783006395774
14690.png,1,1,0.5144267841236426
39728.png,1,0,0.4775538557437888
12265.png,1,1,0.5068101510427713
26119.png,1,1,0.5188291439492274
54849.png,0,1,0.5204510616342306
26977.png,1,1,0.5084816586155216
8678.png,1,1,0.5
4087.png,0,0,0.47805079096026715
34036.png,1,0,0.4876096305305531
13516.png,1,1,0.5104838472020486
55536.png,1,0,0.48567977546233243
64173.png,0,1,0.5162602683626741
37448.png,1,1,0.5079928510718343
32162.png,0,1,0.5145475900177293
31468.png,1,1,0.5080580844757225
63306.png,0,0,0.4847985003975914
1859.png,0,1,0.5175466239352159
23772.png,0,0,0.5
31301.png,0,0,0.47634935845795856
40364.png,1,0,0.47728849400380063
47405.png,1,1,0.5160753390119025
47017.png,0,0,0.4916341149117402
30923.png,0,1,0.5164676768895631
11440.png,1,1,0.5079779456210964
57398.png,1,1,0.5
1467.png,0,1,0.5195382458651439
16729.png,1,1,0.5118968751850712
18971.png,1,1,0.5146812386131898
28061.png,0,1,0.5122709348028284
4955.png,0,0,0.4770674058193033
28971.png,1,1,0.5081255982847138
53961.png,1,1,0.5149544658947578
26929.png,1,1,0.5091487282530683
30649.png,0,0,0.4890329444385014
48704.png,1,1,0.5
55494.png,1,1,0.5169917459400258
29277.png,0,0,0.4783209669250683
25555.png,0,1,0.5
54309.png,0,0,0.4863591839621436
60760.png,1,1,0.5131913453890996
49969.png,1,1,0.5
1536.png,0,0,0.48634254744917443
59148.png,0,1,0.5154244166818093
56903.png,1,1,0.5088626088555409
10645.png,0,1,0.5179723705098843
57875.png,0,1,0.5
45686.png,0,0,0.48878965091285514
55585.png,1,0,0.4856490751606359
31891.png,0,0,0.493881116154338
44291.png,0,0,0.4783929001592555
48207.png,1,1,0.5264156197110791
32934.png,1,1,0.5190634703640814
24135.png,1,1,0.5206445130663185
53772.png,1,1,0.5179601403536555
64601.png,0,1,0.5199224582381429
52644.png,0,1,0.5111095599408766
14184.png,0,0,0.4948240242822022
29277.png,1,0,0.4783335283600509
56173.png,0,1,0.5166056819048448
35094.png,1,0,0.47687088544962886
44749.png,0,1,0.5142675762982231
26292.png,1,0,0.48771634481878645
5384.png,1,1,0.5090007094814831
52678.png,1,0,0.4795765685389167
18054.png,1,0,0.47751893085247893
15463.png,1,1,0.5206376298677249
42039.png,1,1,0.5057631640899887
10991.png,0,1,0.5062563999009356
64750.png,1,1,0.5
41879.png,1,0,0.47683599171262075
56859.png,1,0,0.4891021369854518
22787.png,1,1,0.5117711688042833
41719.png,1,0,0.4767791749748634
43915.png,0,0,0.4830675271299196
51718.png,1,1,0.5156124091534453
22918.png,1,1,0.5123710540779943
48730.png,0,0,0.4938724244757999
29668.png,1,0,0.4816729144569821
11740.png,0,0,0.47690805546060355
15860.png,0,1,0.5173604977566009
9849.png,0,0,0.47778443443892216
40072.png,0,1,0.519671190662147
42097.png,1,1,0.5
21134.png,0,1,0.5265112272840765
4865.png,1,0,0.47546404406213627
31354.png,0,1,0.5178169735462568
51177.png,0,0,0.4767737062543401
40823.png,1,1,0.5
23818.png,0,1,0.50681834517385
7411.png,0,1,0.5064910693013692
63312.png,1,0,0.47637284845803873
1625.png,0,0,0.4772858836546954
61744.png,1,0,0.4768288992774876
20850.png,0,0,0.4773789525681011
24043.png,1,1,0.5151427106851817
58588.png,1,1,0.5
65382.png,1,1,0.5189611554788086
1353.png,0,0,0.47674933742320796
43955.png,0,0,0.4940332923647098
767.png,1,1,0.5136119548587852
36746.png,1,0,0.5
62249.png,0,0,0.4938491746247449
45563.png,1,1,0.5
37980.png,0,0,0.48222905431252744
42757.png,0,0,0.4775241938815853
47261.png,1,0,0.5
34672.png,1,0,0.4923069314348107
14605.png,1,1,0.5
37451.png,1,1,0.520677459632409
51168.png,0,1,0.5
50000.png,0,0,0.4838841218557388
1783.png,0,0,0.47685526636109604
50679.png,0,0,0.4767425821411179
6658.png,0,0,0.4803493432581145
15733.png,0,0,0.5
745.png,1,1,0.5086638496281486
30389.png,1,1,0.505170012827584
32383.png,0,0,0.4912373733771334
40532.png,0,1,0.5103182170242525
9791.png,1,0,0.48389127586751673
23006.png,0,0,0.5
34255.png,0,0,0.48511037324956857
47133.png,0,0,0.47770362825235196
12262.png,0,0,0.491913133140319
55249.png,1,1,0.5162532766755507
32535.png,1,0,0.48977428466676276
64773.png,1,1,0.5206392017404942
24135.png,0,1,0.5210044863705742
44575.png,0,0,0.47753035332486565
46106.png,0,0,0.48013467954982086
51234.png,1,0,0.48959648310146786
64216.png,1,0,0.47798595553338374
33878.png,0,1,0.5093043122464939
59375.png,0,1,0.5181796987395245
18153.png,1,1,0.5144172012404956
20645.png,0,0,0.4817855595296865
36840.png,1,1,0.5144010185470923
26435.png,0,1,0.5054409390876736
12572.png,0,1,0.5077501096077061
63102.png,1,0,0.48656103722983085
30015.png,0,0,0.4862480380925343
53951.png,1,1,0.5
37253.png,1,1,0.517684535610518
47790.png,1,1,0.5152668970956417
64116.png,0,0,0.49194343881069547
58894.png,1,1,0.5062235568843874
42419.png,1,1,0.5162365556312761
30408.png,0,1,0.5091784258735489
56992.png,1,1,0.5190269891568424
59710.png,0,0,0.47561891674894663
21540.png,0,1,0.5123195353417415
51924.png,0,1,0.5
25715.png,0,1,0.506968204223586
37942.png,0,1,0.5099326987752717
46226.png,1,1,0.5068657231914969
31188.png,1,0,0.4779135588348666
30298.png,0,0,0.479255208877417
2177.png,1,1,0.5150968409564717
57342.png,0,1,0.514551726926825
31089.png,1,1,0.511419551290459
54636.png,0,1,0.5101964363884706
58197.png,0,0,0.4887193272364877
4490.png,1,1,0.5189419571107946
12919.png,1,1,0.5143946018404852
19294.png,0,0,0.4766622606613364
21525.png,1,0,0.48661022956133193
41816.png,0,0,0.48796495859979805
58588.png,0,1,0.5
36553.png,0,1,0.5113112732507799
35829.png,1,1,0.5174845061636604
57643.png,1,0,0.49477150684238974
21540.png,1,1,0.5135702704035642
28412.png,0,0,0.49393562899739285
54439.png,0,0,0.478276555509979
4022.png,0,1,0.5057210467938993
52385.png,0,0,0.48483312356647934
32154.png,0,1,0.5091520696672474
27620.png,0,1,0.5
47405.png,0,1,0.516782508377567
50311.png,1,0,0.5
57317.png,0,1,0.5
19964.png,0,1,0.5098795934516251
36949.png,1,1,0.515039948335016
2032.png,0,0,0.4770063132145705
4318.png,0,0,0.48900032487195894
27061.png,0,1,0.5069089429458838
44236.png,1,0,0.5
27148.png,0,0,0.49151331724630465
50505.png,0,1,0.510176614659323
63117.png,0,0,0.4867576424778439
13893.png,0,0,0.5
44187.png,1,1,0.5183565029655709
46698.png,1,0,0.4906271931592561
58692.png,0,1,0.5072229576254944
4321.png,0,0,0.48735294282084946
35467.png,0,0,0.47742409921049717
35781.png,1,1,0.5081805309518215
5675.png,0,0,0.47459105822288566
6782.png,0,1,0.507457086104593
10348.png,0,0,0.4772320740872872
53208.png,0,1,0.5176724386958296
35176.png,0,1,0.5102703512472738
40519.png,1,1,0.5231657601579808
42512.png,0,0,0.4769875118182816
18971.png,0,1,0.5157652848329018
42187.png,1,0,0.4832888512994776
36323.png,1,1,0.518874454731451
63046.png,0,0,0.5
36190.png,1,0,0.4770068923628973
39549.png,1,0,0.47694041219554834
6540.png,0,1,0.5
34319.png,0,1,0.5205054818157526
24029.png,1,1,0.5220452931557367
30060.png,0,1,0.514291817249565
54849.png,1,1,0.5201585017057503
2083.png,0,1,0.5058256274540274
29593.png,1,1,0.5147931464511384
38780.png,1,1,0.5
10730.png,0,1,0.5114418989785964
2326.png,1,0,0.47717452087690976
16649.png,1,1,0.5
5602.png,1,0,0.5
5220.png,0,0,0.4854473997675448
34211.png,1,0,0.5
64362.png,1,1,0.5197503082864058
34027.png,0,0,0.4832165273632173
44750.png,0,0,0.49364449015530854
41726.png,0,1,0.5134698649217886
7698.png,0,1,0.5079057579096619
24555.png,0,1,0.5083722339490172
45838.png,0,1,0.5188538032643413
53177.png,0,1,0.5153746228919445
37902.png,0,1,0.512782685277047
41822.png,0,1,0.5
27376.png,1,0,0.5
50280.png,0,0,0.4831251216912887
55639.png,1,1,0.5104392435404494
40398.png,0,1,0.5078320547302851
19621.png,1,0,0.4863688475959912
27694.png,0,0,0.4875638315450963
29380.png,0,0,0.4771700922506412
45180.png,1,0,0.5
39944.png,1,1,0.5
41726.png,1,1,0.5134723451714029
24402.png,0,1,0.5066008797663737
14608.png,0,1,0.5226624586304113
14868.png,0,0,0.4882484706364792
31476.png,1,0,0.5
45287.png,1,1,0.5086114532256245
45913.png,1,0,0.49334790718405447
54636.png,1,1,0.5083782258877012
11761.png,1,1,0.5097638213613225
15463.png,0,1,0.5243867354028411
54000.png,0,1,0.5154694320036448
36412.png,0,1,0.5
30476.png,1,1,0.508195473581477
9045.png,0,0,0.4760062475463298
51742.png,1,1,0.5079561894058555
41930.png,1,0,0.4832592917654992
61022.png,0,1,0.5056223257688349
56443.png,1,1,0.5210414880897914
29076.png,1,1,0.5
63357.png,1,1,0.5085376445374565
28879.png,1,1,0.511528768110265
14664.png,1,1,0.5184041935217416
16612.png,1,0,0.4905170262270272
60501.png,1,1,0.5139855759816974
40728.png,0,1,0.5200322824232358
15321.png,1,0,0.4739892525019956
10632.png,0,1,0.5187170366201398
30629.png,1,0,0.49438852459627525
20764.png,0,1,0.5178926315002406
27620.png,1,1,0.5
4326.png,1,1,0.5165176200321159
16294.png,0,0,0.48032142609273343
49318.png,1,1,0.515454701375368
38456.png,0,1,0.526755034522191
64194.png,0,0,0.4795072554596382
5352.png,1,1,0.524234030121942
40009.png,1,1,0.5082723590715968
51177.png,1,0,0.476780511698855
6737.png,0,0,0.4903087726473471
29671.png,0,1,0.515677341501772
16184.png,1,1,0.5
25907.png,1,0,0.48595987850126227
5180.png,0,1,0.5146290663864915
8017.png,0,0,0.4767264134253364
37321.png,1,0,0.4940859029319264
59619.png,1,0,0.4941943053644222
24850.png,1,0,0.5
36460.png,0,1,0.5118679024705758
18877.png,1,1,0.5110901795933922
21633.png,1,0,0.4767095370403124
48291.png,0,1,0.5
751.png,1,1,0.5220817281261411
60378.png,0,1,0.5200453304700777
40411.png,1,0,0.48443873556938444
37909.png,1,0,0.4810571732619722
56232.png,0,1,0.5059184243576906
43106.png,1,1,0.5
38582.png,1,1,0.5192340735135353
62748.png,1,0,0.4892210932503111
45152.png,1,1,0.5141915061851465
38205.png,1,0,0.4808846853677865
2506.png,0,0,0.4910438961853478
22842.png,1,1,0.5129192863766384
41011.png,1,1,0.514516716783996
26583.png,0,1,0.5098936232886867
44701.png,1,0,0.49095047375749307
45958.png,1,1,0.5
55037.png,0,0,0.483476257103017
46979.png,1,1,0.5215703845377364
18617.png,1,1,0.5063907547404294
2249.png,1,0,0.48645223128674275
57324.png,1,0,0.48080654582111276
25340.png,0,0,0.4890827180542245
21798.png,1,1,0.5253136694918368
25908.png,0,0,0.48834051939480067
29234.png,0,1,0.5089053001267909
34744.png,0,0,0.4867733797901116
1638.png,1,0,0.49453468886212104
7715.png,1,1,0.511618405591109
30040.png,0,0,0.5
20401.png,0,1,0.5092838874756547
42187.png,0,0,0.483058652690066
39638.png,0,1,0.5134315554297472
31405.png,0,0,0.4874941388414715
32662.png,0,0,0.49289224395009906
4845.png,0,0,0.4788688981851601
44838.png,1,1,0.5
21765.png,1,1,0.5304940299977161
2230.png,1,0,0.47667256930499113
51342.png,1,1,0.5123478545554365
24894.png,1,0,0.4783969975367093
63427.png,0,0,0.47899905674454735
33474.png,1,0,0.47673275112854174
45133.png,1,1,0.5211146598588934
20920.png,0,1,0.51796096529644
19964.png,1,1,0.5121006489046159
46547.png,0,1,0.5
9533.png,0,1,0.5114460832955805
62095.png,1,1,0.5
41171.png,0,0,0.486162140121421
55766.png,1,1,0.5159498573866398
1536.png,1,0,0.4886779622623284
15879.png,1,0,0.47892075208089097
32293.png,1,1,0.5158007862466713
1574.png,1,1,0.5
62029.png,0,0,0.4807645683971458
51959.png,1,1,0.5
21375.png,1,1,0.5074645393741838
15295.png,1,1,0.5147457433667028
40303.png,0,0,0.479266672203434
12073.png,0,1,0.526176923339125
11501.png,1,1,0.5
10152.png,0,0,0.48078729174189905
39831.png,0,0,0.4787089140841258
46849.png,1,1,0.5
25003.png,1,1,0.5162501524575386
57239.png,0,1,0.5157483572144208
61298.png,1,0,0.47880587126075275
22066.png,1,1,0.5
37583.png,0,1,0.5
1174.png,1,0,0.4837440072498926
46083.png,1,1,0.5164511306963884
32470.png,1,1,0.5154536982471118
3371.png,1,1,0.5114237453422821
2430.png,1,0,0.4799530242966921
39637.png,1,0,0.47839094106971874
14829.png,1,1,0.520228019843401
28496.png,1,1,0.5
10980.png,1,0,0.477129307472417
4481.png,1,1,0.5069220927767709
38521.png,1,1,0.508588590005809
55695.png,1,1,0.50638772597714
57643.png,0,0,0.5
59951.png,0,1,0.5109356137621215
56712.png,1,1,0.5190710738655175
34992.png,1,1,0.5129091859203259
19718.png,1,0,0.48933418384349303
36945.png,0,0,0.47721211466956465
16191.png,0,0,0.4869773375829462
57927.png,0,0,0.5
298.png,1,1,0.5
34383.png,1,1,0.5107139428698001
8613.png,1,1,0.5175510044812794
53177.png,1,1,0.515881345707536
48562.png,0,1,0.5
44420.png,0,0,0.4894315940335266
37076.png,0,1,0.5
12505.png,0,1,0.5161537562099402
24300.png,1,1,0.5089753620010915
28248.png,1,1,0.5186454781101788
24032.png,0,1,0.5159676655661415
38613.png,0,0,0.5
48880.png,0,0,0.4803566302408809
10457.png,0,1,0.5220246988127842
41926.png,0,0,0.48277976643176396
35107.png,1,0,0.4767982214205151
25861.png,0,0,0.47895606035993626
47980.png,1,1,0.5
22797.png,0,1,0.5133786401049839
43760.png,1,1,0.5
27490.png,1,0,0.4809903220721285
11014.png,1,1,0.5186830101053943
41227.png,0,1,0.5218422230604441
32222.png,1,1,0.5
422.png,0,1,0.5134357579391509
35933.png,0,0,0.4840245664143238
56311.png,1,0,0.48476676142486674
21765.png,0,1,0.5316385927322628
51796.png,1,1,0.5194279079975133
62871.png,1,1,0.5216223046059832
20768.png,1,0,0.5
62628.png,1,1,0.5213084786704817
61221.png,0,0,0.5
37855.png,0,1,0.5
27856.png,1,1,0.5187937184005271
62871.png,0,1,0.5203265008152835
18440.png,1,1,0.5119530690669117
41484.png,0,0,0.48357831498369924
50673.png,1,0,0.4766729926089305
59018.png,1,1,0.5093387445670369
28965.png,0,1,0.517453992039041
43270.png,1,0,0.5
65065.png,0,1,0.5085322274341009
51954.png,1,1,0.5122570768827955
34869.png,0,1,0.5
30389.png,0,1,0.5062916508876026
27957.png,0,0,0.4766081770663812
28245.png,1,0,0.47937663626505894
51718.png,0,1,0.5156074391754393
49903.png,1,0,0.49268111671147463
2249.png,0,0,0.4847434160112239
50664.png,0,1,0.5095870338696004
45381.png,0,1,0.5162777613783257
60829.png,0,1,0.5137666419144568
29083.png,0,0,0.49145662684958036
38486.png,1,1,0.519370109030684
3394.png,0,1,0.5
29535.png,0,0,0.49055642717351805
24795.png,1,0,0.47801264795678866
33791.png,0,1,0.5174434426369916
14692.png,1,1,0.5185477171902249
16960.png,0,1,0.5101044443631382
9976.png,0,0,0.48062431067279815
23105.png,1,0,0.4763520834128829
34873.png,0,1,0.5
51045.png,1,1,0.5062590405957279
4716.png,0,0,0.4878493420195198
49613.png,0,0,0.4937956477719815
55816.png,1,1,0.5133235957729813
40834.png,1,1,0.5192841569733233
45536.png,1,1,0.5143374661293088
6454.png,0,1,0.513172125936184
57262.png,0,1,0.5172245336099416
8681.png,1,0,0.4891210189683507
60340.png,1,0,0.4907014309173183
21734.png,1,1,0.522737738766824
58486.png,1,0,0.4801851394117023
19915.png,1,0,0.47790219666716693
21213.png,0,1,0.5
51038.png,1,1,0.5186842378217118
20144.png,0,1,0.5179612830025629
15010.png,1,1,0.5196860761653197
10408.png,1,0,0.48618882746983183
55655.png,1,1,0.5094421905547607
14622.png,0,1,0.5121925866703837
5772.png,1,0,0.5
22216.png,1,0,0.4773765394443279
3933.png,1,0,0.4936773004438112
13725.png,0,1,0.5185974283646496
29675.png,0,0,0.483245480386492
21728.png,1,0,0.492699947651791
11392.png,0,1,0.5
30283.png,1,0,0.5
51688.png,0,1,0.5080679617771742
8681.png,0,0,0.4907098940661107
15453.png,0,1,0.509435723162635
49410.png,1,0,0.47643467375617
31476.png,0,0,0.4948454116707051
24336.png,0,1,0.5203264228023394
19668.png,0,1,0.5
52639.png,1,1,0.5
27896.png,0,1,0.5183157713478849
65039.png,1,0,0.47740276249504754
22864.png,1,1,0.5
49514.png,0,1,0.5156209340454873
38136.png,1,1,0.5131774968253654
22430.png,0,0,0.4770833819685877
37476.png,1,0,0.47650859250043553
40803.png,1,1,0.5173345899942148
58142.png,0,0,0.5
2032.png,1,0,0.4769897155176774
25486.png,0,1,0.5123010768006134
38567.png,1,1,0.5080030371024399
34572.png,1,1,0.5138459958534208
15369.png,0,1,0.5
11277.png,0,1,0.5194590134201099
41295.png,1,1,0.5061972150309332
5130.png,0,1,0.5063551946705138
